<?xml version="1.0" encoding="UTF-8"?>
<beans xmlns="http://www.springframework.org/schema/beans"
	xmlns:xsi="http://www.w3.org/2001/XMLSchema-instance" 
	xmlns:context="http://www.springframework.org/schema/context"
	xmlns:jpa="http://www.springframework.org/schema/data/jpa"	
    xmlns:mvc="http://www.springframework.org/schema/mvc"
    xmlns:tx="http://www.springframework.org/schema/tx"
    xmlns:ldap="http://www.springframework.org/schema/ldap"
    xsi:schemaLocation="http://www.springframework.org/schema/mvc
 http://www.springframework.org/schema/mvc/spring-mvc-3.0.xsd
 http://www.springframework.org/schema/beans
 http://www.springframework.org/schema/beans/spring-beans-3.0.xsd
 http://www.springframework.org/schema/context
 http://www.springframework.org/schema/context/spring-context-3.0.xsd
 http://www.springframework.org/schema/data/jpa
 http://www.springframework.org/schema/data/jpa/spring-jpa.xsd
 http://www.springframework.org/schema/ldap
 http://www.springframework.org/schema/ldap/spring-ldap-2.0.xsd">
 
    <context:component-scan base-package="br.gov.caixa.api"/>
    
    <jpa:repositories base-package="br.gov.caixa.api.repository" entity-manager-factory-ref="entityManagerFactory"/>
    
    <bean id="vendorAdaptor" class="org.springframework.orm.jpa.vendor.HibernateJpaVendorAdapter" />
    
    <bean id="abstractEntityManagerFactory" class="org.springframework.orm.jpa.LocalContainerEntityManagerFactoryBean" abstract="true">  
		<property name="jpaVendorAdapter" ref="vendorAdaptor" />
		<property name="packagesToScan" value="br.gov.caixa.api.model" />
		<property name="persistenceXmlLocation" value="classpath:META-INF/persistence.xml" />  
	</bean>  

	<bean id="entityManagerFactory" parent="abstractEntityManagerFactory">  
		<property name="persistenceUnitName" value="db" />  
	</bean>
	
	<bean id="transactionManager" class="org.springframework.orm.jpa.JpaTransactionManager">
    	<property name="entityManagerFactory" ref="entityManagerFactory" />
	</bean>
	
	<ldap:context-source 
   		  id="contextSource"
          url="ldap://corp.caixa.gov.br:3268"
          username="s726602"
          password="602CedesSP"/>

   <ldap:ldap-template id="ldapTemplate" context-source-ref="contextSource" />
	
    <mvc:annotation-driven />
</beans>