<?xml version="1.0" encoding="UTF-8"?>
<beans xmlns="http://www.springframework.org/schema/beans"
	xmlns:xsi="http://www.w3.org/2001/XMLSchema-instance" xmlns:aop="http://www.springframework.org/schema/aop"
	xmlns:tx="http://www.springframework.org/schema/tx" xmlns:context="http://www.springframework.org/schema/context"
	xsi:schemaLocation="http://www.springframework.org/schema/beans 
                           http://www.springframework.org/schema/beans/spring-beans-4.0.xsd
                           http://www.springframework.org/schema/context 
                           http://www.springframework.org/schema/context/spring-context-4.0.xsd
                           http://www.springframework.org/schema/util 
                           http://www.springframework.org/schema/util/spring-util-4.0.xsd">

<!-- 
	<context:component-scan base-package="br.gov.caixa.api" />
	<context:annotation-config />
 -->
 
	<bean id="sessionFactory"
		class="org.springframework.orm.hibernate4.LocalSessionFactoryBean">
		<property name="packagesToScan">
			<list>
				<value>br.gov.caixa.api.test.**.*</value>
			</list>
		</property>
		
		<property name="hibernateProperties">
			<props>
				<prop key="hibernate.dialect">org.hibernate.dialect.PostgreSQLDialect</prop>
				<prop key="hibernate.connection.driver_class">org.postgresql.Driver</prop>
				<prop key="hibernate.connection.url">jdbc:postgresql://10.6.32.55:5432/sharepointdb</prop>
				<prop key="hibernate.connection.username">postgres</prop>
				<prop key="hibernate.connection.password">cAIXA1@</prop>
				<prop key="hibernate.show_sql">true</prop>				
				<!-- -->
				<prop key="hibernate.hbm2ddl.auto">create</prop>	
			</props>
		</property>
	</bean>	

	<bean id="funcDAO"
		class="br.gov.caixa.api.repository.hibernate.FuncionarioHibernateDaoImpl">
		<property name="sessionFactory" ref="sessionFactory" />
	</bean>
	
	<bean id="transactionManager" class="org.springframework.orm.hibernate4.HibernateTransactionManager">
        <property name="sessionFactory" ref="sessionFactory"/>
    </bean>

</beans>