[
  {
    "name": "Setup",
    "steps": [
      {
        "name": "sh",
        "lines": "execucao do Setup"
      },
      {
        "name": "sh",
        "lines": "preparando o ambiente"
      }
    ]
  },
  {
    "name": "Checkout",
    "steps": [
      {
        "name": "sh",
        "lines": "execucao do Checkout"
      },
      {
        "name": "sh",
        "lines": "preparando o ambiente"
      }
    ]
  },
  {
    "name": "Compile",
    "steps": [
      {
        "name": "sh",
        "lines": "execucao do Compile"
      },
      {
        "name": "sh",
        "lines": "preparando o ambiente"
      }
    ]
  },
  {
    "name": "Unit Test",
    "steps": [
      {
        "name": "sh",
        "lines": "execucao do Unit Test"
      },
      {
        "name": "sh",
        "lines": "preparando o ambiente"
      }
    ]
  },
  {
    "name": "Packing",
    "steps": [
      {
        "name": "sh",
        "lines": "execucao do Packing"
      },
      {
        "name": "sh",
        "lines": "preparando o ambiente"
      }
    ]
  },
  {
    "name": "Deploy",
    "steps": [
      {
        "name": "sh",
        "lines": "execucao do Deploy"
      },
      {
        "name": "sh",
        "lines": "preparando o ambiente"
      }
    ]
  }
]
