[
  {
    "id": {
      "username": "f758321",
      "id": 123456
    },
    "type": "Build",
    "description": "Lorem ipsum dolor sit amet, consectetur adipiscing elit, sed do eiusmod tempor incididunt ut labore et dolore magna aliqua. Ut enim ad minim veniam, quis nostrud exercitation ullamco laboris nisi ut aliquip ex ea commodo consequat." ,
    "startDate": "2018-08-10T16:19:44.511Z",
    "read": "true",
    "endDate": "2018-09-10T16:19:43.511Z"
  },
  {
    "id": {
      "username": "f758321",
      "id": 123457
    },
    "type": "Build1",
    "description": "Duis aute irure dolor in reprehenderit in voluptate velit esse cillum dolore eu fugiat nulla pariatur." ,
    "startDate": "2018-08-11T16:19:44.511Z",
    "read": "false",
    "endDate": "2018-09-11T16:19:43.511Z"
  },
  {
    "id": {
      "username": "f758321",
      "id": 123458
    },
    "type": "Build2",
    "description": "Excepteur sint occaecat cupidatat non proident, sunt in culpa qui officia deserunt mollit anim id est laborum." ,
    "startDate": "2018-08-12T16:19:44.511Z",
    "read": "false",
    "endDate": "2018-09-12T16:19:43.511Z"
  },
  {
    "id": {
      "username": "f758321",
      "id": 123459
    },
    "type": "Build3",
    "description": "Sed ut perspiciatis unde omnis iste natus error sit voluptatem accusantium doloremque laudantium, totam rem aperiam, eaque ipsa quae ab illo inventore veritatis et quasi architecto beatae vitae dicta sunt explicabo. Nemo enim ipsam voluptatem quia voluptas sit aspernatur aut odit aut fugit, sed quia consequuntur magni dolores eos qui ratione voluptatem sequi nesciunt." ,
    "startDate": "2018-08-13T16:19:44.511Z",
    "read": "false",
    "endDate": "2018-09-13T16:19:43.511Z"
  }
]
