[
    {
        "name": "SUCCESS",
        "series": [
            {
                "name": "03/08/2018",
                "value": 20
            },
            {
                "name": "10/08/2018",
                "value": 9
            },
            {
                "name": "17/08/2018",
                "value": 15
            },
            {
                "name": "24/08/2018",
                "value": 2
            },
            {
                "name": "31/08/2018",
                "value": 11
            }
        ]
    },
    {
        "name": "FAILED",
        "series": [
            {
                "name": "03/08/2018",
                "value": 2
            },
            {
                "name": "10/08/2018",
                "value": 4
            },
            {
                "name": "17/08/2018",
                "value": 3
            },
            {
                "name": "24/08/2018",
                "value": 8
            },
            {
                "name": "31/08/2018",
                "value": 1
            }
        ]
    },
    {
        "name": "ABORTED",
        "series": [
            {
                "name": "03/08/2018",
                "value": 1
            },
            {
                "name": "10/08/2018",
                "value": 1
            },
            {
                "name": "17/08/2018",
                "value": 1
            },
            {
                "name": "24/08/2018",
                "value": 1
            },
            {
                "name": "31/08/2018",
                "value": 1
            }
        ]
    }
]