[
    {
        "id":"administrativos",
        "name":"Administrativos e Cadastro"
    },
    {
        "id":"backoffice",
        "name":"Backoffice"
    },
    {
        "id":"canais",
        "name":"Canais"
    },
    {
        "id":"captar-recursos",
        "name":"Captar Recursos"
    },
    {
        "id":"financeiro",
        "name":"Financeiro"
    },
    {
        "id":"infraestrutura",
        "name":"Infraestrutura"
    },
    {
        "id":"inovacao",
        "name":"Inovação"
    },
    {
        "id":"inovacao-digital",
        "name":"Inovação Digital"
    },
    {
        "id":"multicanal",
        "name":"Multicanal"
    },
    {
        "id":"novas-tecnologias",
        "name":"Novas Tecnologias"
    },
    {
        "id":"test",
        "name":"Test"
    }
]