[
  {
    "name": "CEDESSP042",
    "series": [
      {
        "name": "SUCCESS",
        "value": 44
      },
      {
        "name": "FAILURE",
        "value": 9
      },
      {
        "name": "ABORTED",
        "value": 1
      },
      {
        "name": "NOT_BUILT",
        "value": 5
      },
      {
        "name": "UNSTABLE",
        "value": 1
      }
    ]
  },
  {
    "name": "CEDESSP566",
    "series": [
      {
        "name": "SUCCESS",
        "value": 10
      },
      {
        "name": "FAILURE",
        "value": 4
      },
      {
        "name": "ABORTED",
        "value": 6
      },
      {
        "name": "NOT_BUILT",
        "value": 7
      },
      {
        "name": "UNSTABLE",
        "value": 2
      }
    ]
  },
  {
    "name": "CEDESSP040",
    "series": [
      {
        "name": "SUCCESS",
        "value": 2
      },
      {
        "name": "FAILURE",
        "value": 5
      },
      {
        "name": "ABORTED",
        "value": 9
      },
      {
        "name": "NOT_BUILT",
        "value": 20
      },
      {
        "name": "UNSTABLE",
        "value": 3
      }
    ]
  },
  {
    "name": "CEDESSP020",
    "series": [
      {
        "name": "SUCCESS",
        "value": 7
      },
      {
        "name": "FAILURE",
        "value": 20
      },
      {
        "name": "ABORTED",
        "value": 10
      },
      {
        "name": "NOT_BUILT",
        "value": 5
      },
      {
        "name": "UNSTABLE",
        "value": 8
      }
    ]
  },
  {
    "name": "CEDESSP240",
    "series": [
      {
        "name": "SUCCESS",
        "value": 13
      },
      {
        "name": "FAILURE",
        "value": 27
      },
      {
        "name": "ABORTED",
        "value": 44
      },
      {
        "name": "NOT_BUILT",
        "value": 10
      },
      {
        "name": "UNSTABLE",
        "value": 1
      }
    ]
  },
  {
    "name": "CEDESSP250",
    "series": [
      {
        "name": "SUCCESS",
        "value": 25
      },
      {
        "name": "FAILURE",
        "value": 12
      },
      {
        "name": "ABORTED",
        "value": 7
      },
      {
        "name": "NOT_BUILT",
        "value": 10
      },
      {
        "name": "UNSTABLE",
        "value": 9
      }
    ]
  },
  {
    "name": "CEDESSP670",
    "series": [
      {
        "name": "SUCCESS",
        "value": 17
      },
      {
        "name": "FAILURE",
        "value": 12
      },
      {
        "name": "ABORTED",
        "value": 10
      },
      {
        "name": "NOT_BUILT",
        "value": 8
      },
      {
        "name": "UNSTABLE",
        "value": 3
      }
    ]
  },
  {
    "name": "CEDESSP330",
    "series": [
      {
        "name": "SUCCESS",
        "value": 25
      },
      {
        "name": "FAILURE",
        "value": 37
      },
      {
        "name": "ABORTED",
        "value": 12
      },
      {
        "name": "NOT_BUILT",
        "value": 5
      },
      {
        "name": "UNSTABLE",
        "value": 9
      }
    ]
  }
]
