[
  {
    "name": "Continuous Manager API",
    "series": [
      {
        "name": "SUCCESS",
        "value": 44
      },
      {
        "name": "FAILURE",
        "value": 16
      },
      {
        "name": "ABORTED",
        "value": 10
      },
      {
        "name": "NOT_BUILT",
        "value": 17
      },
      {
        "name": "UNSTABLE",
        "value": 13
      }
    ]
  },
  {
    "name": "Gestão Conhecimento API",
    "series": [
      {
        "name": "SUCCESS",
        "value": 70
      },
      {
        "name": "FAILURE",
        "value": 14
      },
      {
        "name": "ABORTED",
        "value": 6
      },
      {
        "name": "NOT_BUILT",
        "value": 7
      },
      {
        "name": "UNSTABLE",
        "value": 3
      }
    ]
  },
  {
    "name": "Internet Banking Mobile",
    "series": [
      {
        "name": "SUCCESS",
        "value": 49
      },
      {
        "name": "FAILURE",
        "value": 15
      },
      {
        "name": "ABORTED",
        "value": 11
      },
      {
        "name": "NOT_BUILT",
        "value": 20
      },
      {
        "name": "UNSTABLE",
        "value": 5
      }
    ]
  },
  {
    "name": "Portal Inovação API",
    "series": [
      {
        "name": "SUCCESS",
        "value": 63
      },
      {
        "name": "FAILURE",
        "value": 20
      },
      {
        "name": "ABORTED",
        "value": 5
      },
      {
        "name": "NOT_BUILT",
        "value": 5
      },
      {
        "name": "UNSTABLE",
        "value": 7
      }
    ]
  },
  {
    "name": "Sharepoint API",
    "series": [
      {
        "name": "SUCCESS",
        "value": 55
      },
      {
        "name": "FAILURE",
        "value": 0
      },
      {
        "name": "ABORTED",
        "value": 44
      },
      {
        "name": "NOT_BUILT",
        "value": 0
      },
      {
        "name": "UNSTABLE",
        "value": 1
      }
    ]
  },
  {
    "name": "Sixxx API",
    "series": [
      {
        "name": "SUCCESS",
        "value": 80
      },
      {
        "name": "FAILURE",
        "value": 2
      },
      {
        "name": "ABORTED",
        "value": 7
      },
      {
        "name": "NOT_BUILT",
        "value": 10
      },
      {
        "name": "UNSTABLE",
        "value": 1
      }
    ]
  },
  {
    "name": "Caixa ExtraCash",
    "series": [
      {
        "name": "SUCCESS",
        "value": 88
      },
      {
        "name": "FAILURE",
        "value": 2
      },
      {
        "name": "ABORTED",
        "value": 5
      },
      {
        "name": "NOT_BUILT",
        "value": 2
      },
      {
        "name": "UNSTABLE",
        "value": 3
      }
    ]
  },
  {
    "name": "CM API Teste",
    "series": [
      {
        "name": "SUCCESS",
        "value": 77
      },
      {
        "name": "FAILURE",
        "value": 7
      },
      {
        "name": "ABORTED",
        "value": 5
      },
      {
        "name": "NOT_BUILT",
        "value": 8
      },
      {
        "name": "UNSTABLE",
        "value": 3
      }
    ]
  },
  {
    "name": "pgt application",
    "series": [
      {
        "name": "SUCCESS",
        "value": 50
      },
      {
        "name": "FAILURE",
        "value": 10
      },
      {
        "name": "ABORTED",
        "value": 20
      },
      {
        "name": "NOT_BUILT",
        "value": 15
      },
      {
        "name": "UNSTABLE",
        "value": 5
      }
    ]
  },
  {
    "name": "siabm-cadastramento",
    "series": [
      {
        "name": "SUCCESS",
        "value": 55
      },
      {
        "name": "FAILURE",
        "value": 37
      },
      {
        "name": "ABORTED",
        "value": 2
      },
      {
        "name": "NOT_BUILT",
        "value": 5
      },
      {
        "name": "UNSTABLE",
        "value": 1
      }
    ]
  }
]
