[
    {
        "id": "24101626669223eb4a6a03eb38d4b28abf13b37c",
        "short_id": "d43fc877",
        "title": "Merge remote-tracking branch 'origin/master'",
        "created_at": "2017-11-22T11:15:21.000-02:00",
        "parent_ids": [
            "d49c4756276fa867bdcda467dfac3bb8fa536d12",
            "10065fe03c89d9aa7e58f76105ee5da5baef2723"
        ],
        "message": "Merge remote-tracking branch 'origin/master'",
        "author_name": "Fabio Iwakoshi",
        "author_email": "fabio.iwakoshi@gmail.com",
        "authored_date": "2017-11-22T11:15:21.000-02:00",
        "committer_name": "Fabio Iwakoshi",
        "committer_email": "fabio.iwakoshi@gmail.com",
        "committed_date": "2017-11-22T11:15:21.000-02:00"
    },
    {
        "id": "d3569237de1085fb99338e006f122d5059f08278",
        "short_id": "d49c4756",
        "title": "Merge branch 'hotfix/headers-missing'",
        "created_at": "2017-11-22T11:09:14.000-02:00",
        "parent_ids": [
            "16693153ea7937c40efbc3a9e606582bc12d928f",
            "75f2840eecbbc324364f6fe0a4a31e548b812493"
        ],
        "message": "Merge branch 'hotfix/headers-missing'",
        "author_name": "Fabio Iwakoshi",
        "author_email": "fabio.iwakoshi@gmail.com",
        "authored_date": "2017-11-22T11:09:14.000-02:00",
        "committer_name": "Fabio Iwakoshi",
        "committer_email": "fabio.iwakoshi@gmail.com",
        "committed_date": "2017-11-22T11:09:14.000-02:00"
    },
    {
        "id": "9b3645baf7733bd8c1c9be562bf62fef8132b531",
        "short_id": "75f2840e",
        "title": "build: change and remove versions",
        "created_at": "2017-11-22T11:08:25.000-02:00",
        "parent_ids": [
            "e86503b80849acc1fbccaa4bc809f68c6d6b32f4"
        ],
        "message": "build: change and remove versions\n\n",
        "author_name": "Fabio Iwakoshi",
        "author_email": "fabio.iwakoshi@gmail.com",
        "authored_date": "2017-11-22T11:08:25.000-02:00",
        "committer_name": "Fabio Iwakoshi",
        "committer_email": "fabio.iwakoshi@gmail.com",
        "committed_date": "2017-11-22T11:08:25.000-02:00"
    },
    {
        "id": "e86503b80849acc1fbccaa4bc809f68c6d6b32f4",
        "short_id": "e86503b8",
        "title": "fix: remove Headers declaration",
        "created_at": "2017-11-22T11:07:59.000-02:00",
        "parent_ids": [
            "16693153ea7937c40efbc3a9e606582bc12d928f"
        ],
        "message": "fix: remove Headers declaration\n\n",
        "author_name": "Fabio Iwakoshi",
        "author_email": "fabio.iwakoshi@gmail.com",
        "authored_date": "2017-11-22T11:07:59.000-02:00",
        "committer_name": "Fabio Iwakoshi",
        "committer_email": "fabio.iwakoshi@gmail.com",
        "committed_date": "2017-11-22T11:07:59.000-02:00"
    },
    {
        "id": "10065fe03c89d9aa7e58f76105ee5da5baef2723",
        "short_id": "10065fe0",
        "title": "style: corrige apontamentos do lint",
        "created_at": "2017-11-08T10:04:50.000-02:00",
        "parent_ids": [
            "16693153ea7937c40efbc3a9e606582bc12d928f"
        ],
        "message": "style: corrige apontamentos do lint\n\n",
        "author_name": "Unknown",
        "author_email": "alessandrosac84@gmail.com",
        "authored_date": "2017-11-08T10:04:50.000-02:00",
        "committer_name": "Unknown",
        "committer_email": "alessandrosac84@gmail.com",
        "committed_date": "2017-11-08T10:04:50.000-02:00"
    },
    {
        "id": "16693153ea7937c40efbc3a9e606582bc12d928f",
        "short_id": "16693153",
        "title": "Correções e atualização do Layout das telas.",
        "created_at": "2017-11-07T12:01:55.000-02:00",
        "parent_ids": [
            "8aa7f90d6761b0d4af207860b5b34e9ef9ab6a3d"
        ],
        "message": "Correções e atualização do Layout das telas.",
        "author_name": "Unknown",
        "author_email": "alessandrosac84@gmail.com",
        "authored_date": "2017-11-07T12:01:55.000-02:00",
        "committer_name": "Unknown",
        "committer_email": "alessandrosac84@gmail.com",
        "committed_date": "2017-11-07T12:01:55.000-02:00"
    },
    {
        "id": "8aa7f90d6761b0d4af207860b5b34e9ef9ab6a3d",
        "short_id": "8aa7f90d",
        "title": "fix: corrige visualização de imagem caixa-logo",
        "created_at": "2017-11-06T13:53:13.000-02:00",
        "parent_ids": [
            "2c423d2372802291b308c3216646bffce1b45ab5"
        ],
        "message": "fix: corrige visualização de imagem caixa-logo\n\n",
        "author_name": "Fabio Iwakoshi",
        "author_email": "fabio.iwakoshi@gmail.com",
        "authored_date": "2017-11-06T13:53:13.000-02:00",
        "committer_name": "Fabio Iwakoshi",
        "committer_email": "fabio.iwakoshi@gmail.com",
        "committed_date": "2017-11-06T13:53:13.000-02:00"
    },
    {
        "id": "2c423d2372802291b308c3216646bffce1b45ab5",
        "short_id": "2c423d23",
        "title": "build: altera o importe do rxjs para build aot e build-optimizer",
        "created_at": "2017-11-06T12:42:19.000-02:00",
        "parent_ids": [
            "1dc10a945b789fff4baea10259c0a341612a08df"
        ],
        "message": "build: altera o importe do rxjs para build aot e build-optimizer\n\n",
        "author_name": "Fabio Iwakoshi",
        "author_email": "fabio.iwakoshi@gmail.com",
        "authored_date": "2017-11-06T12:42:19.000-02:00",
        "committer_name": "Fabio Iwakoshi",
        "committer_email": "fabio.iwakoshi@gmail.com",
        "committed_date": "2017-11-06T12:42:19.000-02:00"
    },
    {
        "id": "1dc10a945b789fff4baea10259c0a341612a08df",
        "short_id": "1dc10a94",
        "title": "style: corrige o lint do last-built-revision-jenkins.ts",
        "created_at": "2017-11-06T12:31:43.000-02:00",
        "parent_ids": [
            "09410400ef0703ef63d5fa80f811737a13975daa"
        ],
        "message": "style: corrige o lint do last-built-revision-jenkins.ts\n\n",
        "author_name": "Fabio Iwakoshi",
        "author_email": "fabio.iwakoshi@gmail.com",
        "authored_date": "2017-11-06T12:31:43.000-02:00",
        "committer_name": "Fabio Iwakoshi",
        "committer_email": "fabio.iwakoshi@gmail.com",
        "committed_date": "2017-11-06T12:31:43.000-02:00"
    },
    {
        "id": "09410400ef0703ef63d5fa80f811737a13975daa",
        "short_id": "09410400",
        "title": "refactor: extrai a url de api para os arquivos de Ambiente",
        "created_at": "2017-11-06T12:28:40.000-02:00",
        "parent_ids": [
            "81f3421ef05fa5ec5553fd69908457f3f63852c6"
        ],
        "message": "refactor: extrai a url de api para os arquivos de Ambiente\n\n",
        "author_name": "Fabio Iwakoshi",
        "author_email": "fabio.iwakoshi@gmail.com",
        "authored_date": "2017-11-06T12:28:40.000-02:00",
        "committer_name": "Fabio Iwakoshi",
        "committer_email": "fabio.iwakoshi@gmail.com",
        "committed_date": "2017-11-06T12:28:40.000-02:00"
    },
    {
        "id": "81f3421ef05fa5ec5553fd69908457f3f63852c6",
        "short_id": "81f3421e",
        "title": "fix: corrige alguns tipos de Observable",
        "created_at": "2017-11-03T10:34:25.000-02:00",
        "parent_ids": [
            "b47204833a5133b9267ea52a156c94c897078404"
        ],
        "message": "fix: corrige alguns tipos de Observable\n\n- corrige alguns retornos de Observable\n- remove o model Jenkins\n- corrige a importação e provider de ng2-toastr",
        "author_name": "Fabio Iwakoshi",
        "author_email": "fabio.iwakoshi@gmail.com",
        "authored_date": "2017-11-03T10:34:25.000-02:00",
        "committer_name": "Fabio Iwakoshi",
        "committer_email": "fabio.iwakoshi@gmail.com",
        "committed_date": "2017-11-03T10:34:25.000-02:00"
    },
    {
        "id": "b47204833a5133b9267ea52a156c94c897078404",
        "short_id": "b4720483",
        "title": "perf: atualiza a interface Http",
        "created_at": "2017-11-03T09:47:08.000-02:00",
        "parent_ids": [
            "c943b2c96403ecb804ce1c1fd9a601f52cf8e611"
        ],
        "message": "perf: atualiza a interface Http\n\n",
        "author_name": "Fabio Iwakoshi",
        "author_email": "fabio.iwakoshi@gmail.com",
        "authored_date": "2017-11-03T09:47:08.000-02:00",
        "committer_name": "Fabio Iwakoshi",
        "committer_email": "fabio.iwakoshi@gmail.com",
        "committed_date": "2017-11-03T09:47:08.000-02:00"
    },
    {
        "id": "c943b2c96403ecb804ce1c1fd9a601f52cf8e611",
        "short_id": "c943b2c9",
        "title": "perf: atualiza para Angular 5.0.0",
        "created_at": "2017-11-03T08:25:54.000-02:00",
        "parent_ids": [
            "2c1f30589964021c17aaedb0a3bc2656c37a60c6"
        ],
        "message": "perf: atualiza para Angular 5.0.0\n\n",
        "author_name": "Fabio Iwakoshi",
        "author_email": "fabio.iwakoshi@gmail.com",
        "authored_date": "2017-11-03T08:25:54.000-02:00",
        "committer_name": "Fabio Iwakoshi",
        "committer_email": "fabio.iwakoshi@gmail.com",
        "committed_date": "2017-11-03T08:25:54.000-02:00"
    },
    {
        "id": "2c1f30589964021c17aaedb0a3bc2656c37a60c6",
        "short_id": "2c1f3058",
        "title": "Correção da tela de Log e Mudanças na tela de Gerenciamento de Pacotes",
        "created_at": "2017-10-31T15:34:55.000-02:00",
        "parent_ids": [
            "1b7586ba45c4de38f9584f2af3a4d05dcbdd17c5"
        ],
        "message": "Correção da tela de Log e Mudanças na tela de Gerenciamento de Pacotes\n\n",
        "author_name": "Unknown",
        "author_email": "alessandrosac84@gmail.com",
        "authored_date": "2017-10-31T15:34:55.000-02:00",
        "committer_name": "Unknown",
        "committer_email": "alessandrosac84@gmail.com",
        "committed_date": "2017-10-31T15:34:55.000-02:00"
    },
    {
        "id": "1b7586ba45c4de38f9584f2af3a4d05dcbdd17c5",
        "short_id": "1b7586ba",
        "title": "refactor: atualizacao das libs e separacao do layout",
        "created_at": "2017-10-30T09:30:46.000-02:00",
        "parent_ids": [
            "2d4aa91947188c607c5a3563aa63b6d87ef23121"
        ],
        "message": "refactor: atualizacao das libs e separacao do layout\n\n",
        "author_name": "Fabio Iwakoshi",
        "author_email": "fabio.iwakoshi@gmail.com",
        "authored_date": "2017-10-30T09:30:46.000-02:00",
        "committer_name": "Fabio Iwakoshi",
        "committer_email": "fabio.iwakoshi@gmail.com",
        "committed_date": "2017-10-30T09:30:46.000-02:00"
    },
    {
        "id": "2d4aa91947188c607c5a3563aa63b6d87ef23121",
        "short_id": "2d4aa919",
        "title": "Tela Gerenciamento de Deploy",
        "created_at": "2017-10-20T15:56:37.000-02:00",
        "parent_ids": [
            "f0b53cec770998d0e6d617faef68969f81ce3387"
        ],
        "message": "Tela Gerenciamento de Deploy\n\n",
        "author_name": "Unknown",
        "author_email": "alessandrosac84@gmail.com",
        "authored_date": "2017-10-20T15:56:37.000-02:00",
        "committer_name": "Unknown",
        "committer_email": "alessandrosac84@gmail.com",
        "committed_date": "2017-10-20T15:56:37.000-02:00"
    },
    {
        "id": "f0b53cec770998d0e6d617faef68969f81ce3387",
        "short_id": "f0b53cec",
        "title": "Alteração Header Modal",
        "created_at": "2017-10-11T15:20:06.000-03:00",
        "parent_ids": [
            "e45d03b59ef8dddfd1d7adf548cf77a9c71832d8"
        ],
        "message": "Alteração Header Modal\n\n",
        "author_name": "Unknown",
        "author_email": "alessandrosac84@gmail.com",
        "authored_date": "2017-10-11T15:20:06.000-03:00",
        "committer_name": "Unknown",
        "committer_email": "alessandrosac84@gmail.com",
        "committed_date": "2017-10-11T15:20:06.000-03:00"
    },
    {
        "id": "e45d03b59ef8dddfd1d7adf548cf77a9c71832d8",
        "short_id": "e45d03b5",
        "title": "Remoção Package-lock",
        "created_at": "2017-10-11T13:53:21.000-03:00",
        "parent_ids": [
            "69f8ba3863a542708b6c655e63aff5e28f5ee8ce"
        ],
        "message": "Remoção Package-lock\n\n",
        "author_name": "Unknown",
        "author_email": "alessandrosac84@gmail.com",
        "authored_date": "2017-10-11T13:53:21.000-03:00",
        "committer_name": "Unknown",
        "committer_email": "alessandrosac84@gmail.com",
        "committed_date": "2017-10-11T13:53:21.000-03:00"
    },
    {
        "id": "69f8ba3863a542708b6c655e63aff5e28f5ee8ce",
        "short_id": "69f8ba38",
        "title": "Correção Modal",
        "created_at": "2017-10-11T13:52:40.000-03:00",
        "parent_ids": [
            "3b4d63311cc01b76e59d2460619e8ef61b26fd92"
        ],
        "message": "Correção Modal\n\n",
        "author_name": "Unknown",
        "author_email": "alessandrosac84@gmail.com",
        "authored_date": "2017-10-11T13:52:40.000-03:00",
        "committer_name": "Unknown",
        "committer_email": "alessandrosac84@gmail.com",
        "committed_date": "2017-10-11T13:52:40.000-03:00"
    },
    {
        "id": "3b4d63311cc01b76e59d2460619e8ef61b26fd92",
        "short_id": "3b4d6331",
        "title": "Correção do sidebar",
        "created_at": "2017-10-11T12:15:39.000-03:00",
        "parent_ids": [
            "6d01077a695e7b4d2684adf731f5396104cf6b18"
        ],
        "message": "Correção do sidebar\n\n",
        "author_name": "Fabio Iwakoshi",
        "author_email": "fabio.iwakoshi@gmail.com",
        "authored_date": "2017-10-11T12:15:39.000-03:00",
        "committer_name": "Fabio Iwakoshi",
        "committer_email": "fabio.iwakoshi@gmail.com",
        "committed_date": "2017-10-11T12:15:39.000-03:00"
    }
]