[
    {
        "id_project": "continuous-manager-web",
        "name_project": "continuous-manager-web",
        "wallet_id": "inovacao",
        "name_wallet": "inovacao",
        "job_id": "continuous-manager-web-ci-dev",
        "name_job": "continuous-manager-web-ci-dev",
        "quality_gate": "Passed",
        "security": "A",
        "quality": "A",
        "size_project": "S",
        "qtd_lines": "5000",
        "coverage": "95",
        "last_build": "100",
        "last_build_date": "2017-11-22T11:15:21.000-02:00",
        "dev_version": "b102-a76b9e",
        "tqs_version": "1.0.1",
        "prd_version": "1.0.0"
    },
    {
        "id_project": "continuous-manager-api",
        "name_project": "continuous-manager-api",
        "wallet_id": "inovacao",
        "name_wallet": "inovacao",
        "job_id": "continuous-manager-api-ci-dev",
        "name_job": "continuous-manager-api-ci-dev",
        "quality_gate": "Failed",
        "security": "A",
        "quality": "B",
        "size_project": "M",
        "qtd_lines": "20300",
        "coverage": "49",
        "last_build": "62",
        "last_build_date": "2018-03-22T15:15:21.000-02:00",
        "dev_version": "b50-a56b8e",
        "tqs_version": "2.0.0",
        "prd_version": "1.2.0"
    },
    {
        "id_project": "sharepoint-api",
        "name_project": "sharepoint-api",
        "wallet_id": "inovacao",
        "name_wallet": "inovacao",
        "job_id": "sharepoint-api-ci-dev",
        "name_job": "sharepoint-api-ci-dev",
        "quality_gate": "Failed",
        "security": "A",
        "quality": "E",
        "size_project": "M",
        "qtd_lines": "17358",
        "coverage": "79",
        "last_build": "62",
        "last_build_date": "2018-03-22T15:15:21.000-02:00",
        "dev_version": "b50-a56b8e",
        "tqs_version": "2.0.0",
        "prd_version": "1.2.0"
    }
]