[{
  "id": {
    "id": "hotfix/2.0.1"
  },
  "buildCount": 1,
  "lastBuild": {
    "id": {
      "id": 1,
      "job": "continuous-manager-api-ci-dev",
      "repository": "continuous-manager-api",
      "project": 1,
      "wallet": "inovacao"
    },
    "createdAt": "2018-08-07T16:19:44.511Z",
    "since": "a cerca de 1 dias",
    "description": "Started by Fabio Luis Iwakoshi da Silva",
    "duration": "01:02",
    "estimateDuration": "02:04",
    "result": "SUCCESS",
    "lastCommit": {
      "id": {
        "id": "a5f565b6544a54e54f45c55b554c4a4a"
      },
      "branch": "release/1.0.0",
      "tag": "1.0.0",
      "title": "feat: add to tqs",
      "createdAt": "2018-04-23T18:25:43.511Z",
      "committerName": "Fabio Iwakoshi",
      "committerEmail": "f771274@mail.caixa",
      "committedDate": "2012-04-23T18:25:43.511Z",
      "version": "1.0.0",
      "versionedAt": "2012-04-23T18:25:43.511Z",
      "versionerUser": "f771274"
    }
  }
},
{
  "id": {
    "id": "release/2.0.0"
  },
  "buildCount": 5,
  "lastBuild": {
    "id": {
      "id": 5,
      "job": "continuous-manager-api-ci-dev",
      "repository": "continuous-manager-api",
      "project": 1,
      "wallet": "inovacao"
    },
    "createdAt": "2018-08-07T16:19:44.511Z",
    "since": "a cerca de 3 dias",
    "description": "Started by Fabio Luis Iwakoshi da Silva",
    "duration": "01:02",
    "estimateDuration": "02:04",
    "result": "FAILURE",
    "lastCommit": {
      "id": {
        "id": "a5f565b6544a54e54f45c55b554c4a4a"
      },
      "branch": "release/1.0.0",
      "tag": "1.0.0",
      "title": "feat: add to tqs",
      "createdAt": "2018-04-23T18:25:43.511Z",
      "committerName": "Fabio Iwakoshi",
      "committerEmail": "f771274@mail.caixa",
      "committedDate": "2012-04-23T18:25:43.511Z",
      "version": "1.0.0",
      "versionedAt": "2012-04-23T18:25:43.511Z",
      "versionerUser": "f771274"
    }
  }
},
{
  "id": {
    "id": "develop"
  },
  "buildCount": 89,
  "lastBuild": {
    "id": {
      "id": 89,
      "job": "continuous-manager-api-ci-dev",
      "repository": "continuous-manager-api",
      "project": 1,
      "wallet": "inovacao"
    },
    "createdAt": "2018-08-07T16:19:44.511Z",
    "since": "a cerca de 3 dias",
    "description": "Started by Fabio Luis Iwakoshi da Silva",
    "duration": "01:02",
    "estimateDuration": "02:04",
    "result": "FAILURE",
    "lastCommit": {
      "id": {
        "id": "a5f565b6544a54e54f45c55b554c4a4a"
      },
      "branch": "release/1.0.0",
      "tag": "1.0.0",
      "title": "feat: add to tqs",
      "createdAt": "2018-04-23T18:25:43.511Z",
      "committerName": "Fabio Iwakoshi",
      "committerEmail": "f771274@mail.caixa",
      "committedDate": "2012-04-23T18:25:43.511Z",
      "version": "1.0.0",
      "versionedAt": "2012-04-23T18:25:43.511Z",
      "versionerUser": "f771274"
    }
  }
},
{
  "id": {
    "id": "master"
  },
  "buildCount": 3,
  "lastBuild": {
    "id": {
      "id": 3,
      "job": "continuous-manager-api-ci-dev",
      "repository": "continuous-manager-api",
      "project": 1,
      "wallet": "inovacao"
    },
    "createdAt": "2018-08-07T16:19:44.511Z",
    "since": "a cerca de 3 dias",
    "description": "Started by Fabio Luis Iwakoshi da Silva",
    "duration": "01:02",
    "estimateDuration": "02:04",
    "result": "NOT_BUILT",
    "lastCommit": {
      "id": {
        "id": "a5f565b6544a54e54f45c55b554c4a4a"
      },
      "branch": "release/1.0.0",
      "tag": "1.0.0",
      "title": "feat: add to tqs",
      "createdAt": "2018-04-23T18:25:43.511Z",
      "committerName": "Fabio Iwakoshi",
      "committerEmail": "f771274@mail.caixa",
      "committedDate": "2012-04-23T18:25:43.511Z",
      "version": "1.0.0",
      "versionedAt": "2012-04-23T18:25:43.511Z",
      "versionerUser": "f771274"
    }
  }
}
]
