[
  {
    "id": {
      "id": 5,
      "job": "continuous-manager-web-cd-prd",
      "repository": "continuous-manager-web",
      "project": 1,
      "wallet": "inovacao"
    },
    "createdAt": "2018-08-07T16:19:44.511Z",
    "since": "a cerca de 3 dias",
    "description": "Started by Fabio Luis Iwakoshi da Silva",
    "branch": "develop",
    "duration": "01:02",
    "estimateDuration": "02:04",
    "localError": null,
    "result": "SUCCESS",
    "lastCommit": {
      "id": {
        "id": "a5f565b6544a54e54f45c55b554c4a4a"
      },
      "branch": "release/1.0.0",
      "tag": "1.0.0",
      "title": "feat: add to tqs",
      "createdAt": "2018-04-23T18:25:43.511Z",
      "committerName": "Fabio Iwakoshi",
      "committerEmail": "f771274@mail.caixa",
      "committedDate": "2012-04-23T18:25:43.511Z",
      "version": "1.0.0",
      "versionedAt": "2012-04-23T18:25:43.511Z",
      "versionerUser": "f771274"
    }
  },
  {
    "id": {
      "id": 5,
      "job": "continuous-manager-web-cd-prd",
      "repository": "continuous-manager-web",
      "project": 1,
      "wallet": "inovacao"
    },
    "createdAt": "2018-08-07T16:19:44.511Z",
    "since": "a cerca de 3 dias",
    "description": "Started by Fabio Luis Iwakoshi da Silva",
    "branch": "develop",
    "duration": "01:02",
    "estimateDuration": "02:04",
    "localError": null,
    "result": "SUCCESS",
    "lastCommit": {
      "id": {
        "id": "a5f565b6544a54e54f45c55b554c4a4a"
      },
      "branch": "release/1.0.0",
      "tag": "1.0.0",
      "title": "feat: add to tqs",
      "createdAt": "2018-04-23T18:25:43.511Z",
      "committerName": "Fabio Iwakoshi",
      "committerEmail": "f771274@mail.caixa",
      "committedDate": "2012-04-23T18:25:43.511Z",
      "version": "1.0.0",
      "versionedAt": "2012-04-23T18:25:43.511Z",
      "versionerUser": "f771274"
    }
  },
  {
    "id": {
      "id": 5,
      "job": "continuous-manager-web-cd-prd",
      "repository": "continuous-manager-web",
      "project": 1,
      "wallet": "inovacao"
    },
    "createdAt": "2018-08-07T16:19:44.511Z",
    "since": "a cerca de 3 dias",
    "description": "Started by Fabio Luis Iwakoshi da Silva",
    "branch": "develop",
    "duration": "01:02",
    "estimateDuration": "02:04",
    "localError": null,
    "result": "SUCCESS",
    "lastCommit": {
      "id": {
        "id": "a5f565b6544a54e54f45c55b554c4a4a"
      },
      "branch": "release/1.0.0",
      "tag": "1.0.0",
      "title": "feat: add to tqs",
      "createdAt": "2018-04-23T18:25:43.511Z",
      "committerName": "Fabio Iwakoshi",
      "committerEmail": "f771274@mail.caixa",
      "committedDate": "2012-04-23T18:25:43.511Z",
      "version": "1.0.0",
      "versionedAt": "2012-04-23T18:25:43.511Z",
      "versionerUser": "f771274"
    }
  },
  {
    "id": {
      "id": 5,
      "job": "continuous-manager-web-cd-prd",
      "repository": "continuous-manager-web",
      "project": 1,
      "wallet": "inovacao"
    },
    "createdAt": "2018-08-07T16:19:44.511Z",
    "since": "a cerca de 3 dias",
    "description": "Started by Fabio Luis Iwakoshi da Silva",
    "branch": "develop",
    "duration": "01:02",
    "estimateDuration": "02:04",
    "localError": null,
    "result": "SUCCESS",
    "lastCommit": {
      "id": {
        "id": "a5f565b6544a54e54f45c55b554c4a4a"
      },
      "branch": "release/1.0.0",
      "tag": "1.0.0",
      "title": "feat: add to tqs",
      "createdAt": "2018-04-23T18:25:43.511Z",
      "committerName": "Fabio Iwakoshi",
      "committerEmail": "f771274@mail.caixa",
      "committedDate": "2012-04-23T18:25:43.511Z",
      "version": "1.0.0",
      "versionedAt": "2012-04-23T18:25:43.511Z",
      "versionerUser": "f771274"
    }
  },
  {
    "id": {
      "id": 5,
      "job": "continuous-manager-web-cd-prd",
      "repository": "continuous-manager-web",
      "project": 1,
      "wallet": "inovacao"
    },
    "createdAt": "2018-08-07T16:19:44.511Z",
    "since": "a cerca de 3 dias",
    "description": "Started by Fabio Luis Iwakoshi da Silva",
    "branch": "develop",
    "duration": "01:02",
    "estimateDuration": "02:04",
    "localError": null,
    "result": "SUCCESS",
    "lastCommit": {
      "id": {
        "id": "a5f565b6544a54e54f45c55b554c4a4a"
      },
      "branch": "release/1.0.0",
      "tag": "1.0.0",
      "title": "feat: add to tqs",
      "createdAt": "2018-04-23T18:25:43.511Z",
      "committerName": "Fabio Iwakoshi",
      "committerEmail": "f771274@mail.caixa",
      "committedDate": "2012-04-23T18:25:43.511Z",
      "version": "1.0.0",
      "versionedAt": "2012-04-23T18:25:43.511Z",
      "versionerUser": "f771274"
    }
  }
]
