[
  {
    "id": {
        "id": "continuous-manager-api"
    },
    "name": "Continuous Manager API",
    "repoGit": "http://10.116.98.23/INOVACAO/continuous-manager-api",
    "lastBuild": {
      "id": {
        "id": 5,
        "job": "continuous-manager-api-ci-dev",
        "repository": "continuous-manager-api",
        "project": 1,
        "wallet": "inovacao"
      },
      "createdAt": "2018-08-07T16:19:44.511Z",
      "since": "a cerca de 3 dias",
      "description": "Started by Fabio Luis Iwakoshi da Silva",
      "duration": "01:02",
      "estimateDuration": "02:04",
      "result": "SUCCESS"
    }
  },
  {
    "id": {
        "id": "continuous-manager-web"
    },
    "name": "Continuous Manager WEB",
    "repoGit": "http://10.116.98.23/INOVACAO/continuous-manager-web",
    "lastBuild": {
      "id": {
        "id": 7,
        "job": "continuous-manager-web-ci-dev",
        "repository": "continuous-manager-web",
        "project": 1,
        "wallet": "inovacao"
      },
      "createdAt": "2018-08-08T16:19:44.511Z",
      "since": "a cerca de 1 mês",
      "description": "Started by Fabio Luis Iwakoshi da Silva",
      "duration": "01:32",
      "estimateDuration": "02:14",
      "result": "FAILURE"
    }
  },
  {
    "id": {
        "id": "continuous-manager-fx"
    },
    "name": "Continuous Manager FX",
    "repoGit": "http://10.116.98.23/INOVACAO/continuous-manager-fx",
    "lastBuild": {
      "id": {
        "id": 7,
        "job": "continuous-manager-fx-ci-dev",
        "repository": "continuous-manager-fx",
        "project": 1,
        "wallet": "inovacao"
      },
      "createdAt": "2018-08-08T16:19:44.511Z",
      "since": "a cerca de 1 mês",
      "description": "Started by Fabio Luis Iwakoshi da Silva",
      "duration": "01:32",
      "estimateDuration": "02:14",
      "result": "ABORTED"
    }
  }
]
