[
  {
    "ip": "10.116.82.90",
    "dns": "sspdeaprlx0031",
    "environment": "DES",
    "flavor": {
      "description": "Apache 2.2 (Inovação)",
      "typeServer": "APRESENTACAO",
      "version": "2.2"
    }
  },
  {
    "ip": "10.116.82.91",
    "dns": "sspdeaprlx0032",
    "environment": "DES",
    "flavor": {
      "description": "Apache 2.2 (Inovação)",
      "typeServer": "APRESENTACAO",
      "version": "2.2"
    }
  },
  {
    "ip": "10.116.82.92",
    "dns": "sspdeaprlx0033",
    "environment": "DES",
    "flavor": {
      "description": "Apache 2.2 (Inovação)",
      "typeServer": "APRESENTACAO",
      "version": "2.2"
    }
  },
  {
    "ip": "10.116.82.93",
    "dns": "sspdeaprlx0034",
    "environment": "DES",
    "flavor": {
      "description": "Apache 2.2 (Inovação)",
      "typeServer": "APRESENTACAO",
      "version": "2.2"
    }
  },
  {
    "ip": "10.116.82.94",
    "dns": "sspdeaprlx0035",
    "environment": "DES",
    "flavor": {
      "description": "Apache 2.2 (Inovação)",
      "typeServer": "APRESENTACAO",
      "version": "2.2"
    }
  }
]
